PovertyDataID,Country,year,PovertyRate,ChildPovertyRate,ElderlyPovertyRate,ChildrenByIncomeGroup,ChildrenPovertyRates_TwoParentFamilies,ChildrenPovertyRates_SingleMotherFamilies,ChildrenLivingSingleMotherFamilies,MedianEquivalizedIncome,MeanEquivalizedIncome
1,Australia,2018,12.574,13.049,25.607,16.176,8.767,36.049,14.715,53085.342,62167.117
2,Australia,2016,12.441,12.406,25.915,17.755,8.802,32.607,13.211,50521.209,59412.352
3,Australia,2014,12.465,11.423,26.495,17.2,7.815,29.926,14.214,49800.705,58480.935
4,Australia,2010,14.059,14.42,33.628,15.494,9.564,37.517,16.326,41951.257,49520.418
5,Australia,2008,14.235,12.845,37.151,14.832,7.922,36.909,15.731,40316.602,47253.08
6,Australia,2004,13.302,12.109,28.863,14.515,6.92,35.635,16.171,28860.14,32953.112
7,Australia,2003,12.504,13.887,22.531,13.799,9.228,34.443,15.906,25481.118,29303.787
8,Australia,2001,13.175,14.865,22.672,14.26,9.844,35.158,17.754,23815.022,27190.728
9,Australia,1995,11.57,13.196,21.799,13.216,9.839,33.945,13.177,18463.662,21010.167
10,Australia,1989,12.317,15.056,24.348,12.126,9.286,55.076,11.712,16561.535,18761.391
11,Australia,1985,11.914,13.953,24.647,10.666,9.348,61.614,8.419,12023.297,13328.234
12,Australia,1981,11.408,13.887,13.533,16.207,10.456,30.9515,30.9515,8873.881,9795.617
13,Austria,2019,9.981,12.902,10.467,11.163,11.383,27.424,8.078,29570.148,32760.906
14,Austria,2018,9.011,8.948,9.936,9.912,7.337,20.633,9.646,28379.603,31864.302
15,Austria,2017,9.302,11.434,9.834,11.518,9.501,28.577,9.242,27937.395,31062.697
16,Austria,2016,9.637,11.693,8.664,10.94,9.872,26.031,11.731,27655.228,30853.444
17,Austria,2015,8.642,9.766,8.093,9.918,8.052,21.233,12.303,26262.23,29060.28
18,Austria,2014,9.002,10.802,9.23,8.682,8.601,24.644,12.606,26109.359,28948.569
19,Austria,2013,8.805,10.1,9.913,10.008,7.03,26.863,15.376,25643.011,29070.302
20,Austria,2012,9.613,10.5,11.472,10.064,8.006,24.995,13.763,24892.658,27430.405
21,Austria,2011,8.935,9.108,10.504,11.422,6.819,22.198,12.23,24526.976,27540.357
22,Austria,2010,9.026,10.243,11.254,12.084,7.741,26.617,13.01,24034.175,27005.057
23,Austria,2009,9.793,11.193,12.1,12.206,8.811,26.881,11.974,23765.854,26690.025
24,Austria,2008,9.088,9.578,12.606,10.978,7.578,23.03,12.055,23110.905,25699.882
25,Austria,2007,9.732,10.121,13.962,10.929,7.485,25.765,12.104,21915.053,24572.942
26,Austria,2006,7.943,9.375,9.561,11.564,6.047,28.94,13.868,20455.378,22879.84
27,Austria,2005,7.621,8.326,11.139,10.071,6.244,22.627,12.238,20050.518,22135.124
28,Austria,2004,7.247,6.981,9.996,9.626,5.26,18.409,10.96,20251.559,22645.362
29,Austria,2003,8.146,8.375,12.191,10.089,6.683,20.179,12.775,19245.689,21152.053
30,Austria,2000,7.42,7.569,14.541,7.975,6.239,18.091,11.662,17125.25,18649.409
31,Austria,1999,7.021,5.357,14.436,9.423,3.903,17.124,11.246,16951.78,18857.205
32,Austria,1998,7.953,7.248,15.198,8.898,6.046,16.015,10.957,16308.503,18150.341
33,Austria,1997,8.688,10.73,12.203,9.943,8.409,28.458,12.017,16073.957,17361.097
34,Austria,1996,9.01,9.605,14.94,10.127,7.567,25.032,12.264,15950.621,17223.424
35,Austria,1995,8.686,9.465,13.927,11.272,7.425,26.8,10.779,15966.635,17661.444
36,Austria,1994,9.388,10.376,14.931,13.314,7.979,32.879,9.606,15854.905,17767.523
37,Austria,1987,11.779,13.887,13.533,16.207,10.456,30.9515,30.9515,23234.571,26881.689
38,Belgium,2017,10.367,13.17,8.69,12.056,8.878,37.254,14.334,26472.078,28153.367
39,Belgium,2016,9.711,12.262,8.082,14.09,7.187,36.521,15.734,25449.431,27303.666
40,Belgium,2015,9.906,11.214,9.738,14.827,6.478,38.041,14.057,25170.43,27105.916
41,Belgium,2014,9.182,10.92,8.234,14.205,7.408,31.62,14.587,24335.694,26310.539
42,Belgium,2013,9.676,12.386,8.155,12.992,8.748,31.063,15.274,24302.998,26227.672
43,Belgium,2012,10.067,11.883,9.837,12.459,7.655,33.08,14.927,24383.907,26234.524
44,Belgium,2011,9.663,11.056,11.095,13.55,8.058,28.82,14.537,22796.47,24536.712
45,Belgium,2010,10.111,13.588,11.224,12.698,8.781,37.899,15.534,22582.037,24179.326
46,Belgium,2009,9.875,13.004,12.246,13.763,8.565,35.595,15.52,22072.528,23813.222
47,Belgium,2008,9.47,11.59,12.64,11.899,7.635,34.813,14.062,21854.346,23594.205
48,Belgium,2007,9.338,10.272,14.039,13.408,5.231,38.431,13.829,20508.326,22500.679
49,Belgium,2006,10.133,10.956,16.892,13.023,6.921,33.535,14.132,19945.72,21660.614
50,Belgium,2005,9.212,9.321,15.75,14.218,6.216,27.016,14.093,19014.473,20857.133
51,Belgium,2004,8.388,9.423,13.057,13.955,6.672,26.863,13.741,18168.008,20091.552
52,Belgium,2003,9.494,10.756,13.342,12.19,7.62,29.495,14.473,17288.974,18608.249
53,Belgium,2000,8.111,7.326,14.831,15.217,5.175,26.55,10.307,16641.038,18712.084
54,Belgium,1997,8.126,7.681,11.853,12.816,7.205,10.094,8.874,14803.609,15987.784
55,Belgium,1995,8.963,8.074,17.472,12.25,7.033,18.549,9.397,14573.103,15800.93
56,Belgium,1992,5.357,4.236,11.884,10.297,3.383,13.792,8.532,11898.889,12687.999
57,Belgium,1988,4.925,3.596,10.774,11.421,3.198,8.939,4.907,9935.133,10679.132
58,Belgium,1985,4.601,3.506,10.78,11.448,2.483,18.062,5.414,9156.359,9784.898
59,Brazil,2016,21.511,34.081,5.201,18.42,31.05,45.008,20.889,15611.551,22602.425
60,Brazil,2013,19.038,29.67,5.972,18.334,26.954,40.624,19.908,13443.837,19502.094
61,Brazil,2011,19.751,30.316,6.081,19.12,27.862,40.387,18.779,10740.0,15861.459
62,Brazil,2009,20.194,30.657,6.099,19.389,28.245,40.573,19.602,8835.0,13438.99
63,Brazil,2006,20.775,30.913,6.076,20.617,29.676,36.332,18.466,6559.729,10535.517
64,Canada,2018,11.997,12.23,12.212,14.963,8.958,36.764,10.889,46150.101,52377.472
65,Canada,2017,12.231,11.885,12.575,16.118,9.153,33.286,10.741,44641.292,50946.185
66,Canada,2016,12.184,13.706,10.923,15.547,9.621,42.577,12.1,42796.916,48495.82
67,Canada,2015,14.136,15.294,11.946,16.236,12.166,38.569,10.67,42505.449,48258.832
68,Canada,2014,12.664,14.641,9.735,17.091,10.605,43.078,11.589,41274.282,47312.589
69,Canada,2013,13.688,17.841,8.984,16.313,13.66,43.991,12.399,40253.293,46131.656
70,Canada,2012,13.361,16.181,9.345,16.055,12.785,42.238,11.41,39445.965,44805.683
71,Canada,2011,12.204,14.459,9.581,16.028,10.222,38.887,13.343,38266.968,43705.515
72,Canada,2010,12.548,14.367,9.789,15.249,10.563,37.432,13.416,36712.222,42047.777
73,Canada,2009,12.795,14.991,9.015,16.024,11.194,35.248,14.584,35560.411,41081.949
74,Canada,2008,12.689,15.532,9.616,15.151,11.025,39.241,14.719,35399.192,40902.499
75,Canada,2007,12.148,15.361,8.119,15.583,10.278,43.043,14.631,34002.579,39235.726
76,Canada,2006,12.168,15.151,6.863,14.934,10.357,41.48,14.627,32007.291,36949.162
77,Canada,2005,12.868,16.227,7.909,15.125,10.743,45.444,14.801,31055.293,35470.316
78,Canada,2004,13.004,16.972,6.225,15.405,11.312,48.476,14.273,29430.052,33927.792
79,Canada,2003,12.882,16.397,6.541,15.025,10.536,47.888,14.28,28524.269,32567.776
80,Canada,2002,12.714,15.974,7.006,14.683,10.139,48.58,14.286,27765.0,31797.761
81,Canada,2001,12.266,15.728,5.91,14.75,11.212,41.771,13.983,26867.8,30959.95
82,Canada,2000,12.26,15.661,5.114,15.318,11.254,42.63,13.578,25222.499,29156.534
83,Canada,1999,11.981,15.045,4.498,13.69,9.997,43.025,14.163,24147.675,27534.827
84,Canada,1998,12.351,15.916,4.565,14.123,9.969,48.545,14.558,23234.571,26400.718
85,Canada,1997,12.161,16.074,3.719,13.97,9.871,51.734,13.968,22251.643,25210.644
86,Canada,1996,12.279,16.561,3.024,13.382,10.564,50.924,13.93,21730.351,24419.755
87,Canada,1994,11.352,15.574,4.919,11.537,10.053,46.77,14.097,22352.312,24737.231
88,Canada,1991,11.019,13.946,5.777,12.144,8.544,47.719,12.87,21569.981,23870.642
89,Canada,1987,11.41,13.969,10.778,11.493,9.781,51.278,9.547,17975.0,19752.174
90,Canada,1981,12.629,13.887,22.036,16.207,10.456,30.9515,30.9515,12658.373,13797.47
91,Canada,1975,14.309,14.437,34.762,12.558,10.441,56.01,8.471,6831.764,7382.241
92,Canada,1971,16.793,13.887,36.643,16.207,10.456,30.9515,30.9515,3910.0,4280.985
93,Chile,2017,16.006,20.142,19.299,22.88,15.221,32.585,28.119,4451130.16,6637897.829
94,Chile,2015,15.826,20.077,18.581,22.773,15.453,32.492,27.073,3989039.866,5899278.407
95,Chile,2013,15.97,20.546,17.697,22.443,16.208,32.608,27.021,3401680.257,5087673.828
96,Chile,2011,16.994,22.914,15.923,22.259,18.582,35.464,26.148,2747798.825,4140913.61
97,Chile,2009,16.825,21.365,15.474,23.215,17.9,33.572,22.012,2446977.533,3772904.838
98,Chile,2006,18.491,23.264,21.933,23.697,20.777,34.82,18.057,2064756.0,3125469.936
99,Chile,2003,19.351,24.789,17.989,24.288,22.881,34.367,15.908,1653239.233,2647248.203
100,Chile,2000,19.829,25.202,14.346,25.645,23.748,34.203,14.792,1479720.0,2484708.298
101,Chile,1998,20.702,25.962,20.856,24.914,24.814,33.199,15.25,1351568.753,2192213.274
102,Chile,1996,20.258,25.573,20.049,24.847,24.205,34.64,12.561,1145571.109,1853012.692
103,Chile,1994,20.974,26.402,23.228,25.528,25.203,34.487,14.161,887629.732,1419896.765
104,Chile,1992,18.694,23.893,17.942,25.132,22.793,31.529,14.054,618251.737,1016060.207
105,Chile,1990,19.545,25.41,15.205,24.099,24.239,33.502,13.806,373200.0,603714.348
106,China,2018,20.999,22.025,28.118,26.196,21.508,24.724,3.678,39994.279,50972.843
107,China,2013,19.998,20.935,28.213,24.355,20.226,27.376,2.913,26080.073,32812.787
108,China,2002,17.919,21.696,19.749,24.574,21.535,17.373,1.499,6752.009,9209.469
109,Colombia,2020,22.586,28.358,24.317,22.294,24.776,38.017,26.294,8106757.039,12400000.0
110,Colombia,2019,21.557,28.209,24.117,21.036,25.349,36.042,26.431,9085495.681,13300000.0
111,Colombia,2018,20.697,27.259,23.53,20.63,24.827,34.174,25.937,9030692.543,12900000.0
112,Colombia,2017,20.457,26.887,23.344,19.959,24.336,34.118,25.863,8721593.902,12300000.0
113,Colombia,2016,21.032,27.67,24.76,20.56,25.25,34.443,26.024,8355941.54,12000000.0
114,Colombia,2015,21.37,28.19,24.386,21.31,25.757,34.89,25.904,7803946.78,11300000.0
115,Colombia,2014,22.244,29.25,25.513,21.636,26.536,36.596,25.704,7303680.0,10900000.0
116,Colombia,2013,22.098,28.764,25.423,22.155,26.008,36.683,25.335,6808063.401,10200000.0
117,Colombia,2012,22.2,28.731,25.905,22.322,26.191,36.11,25.084,6383765.139,9599314.143
118,Colombia,2011,21.614,28.021,25.433,22.671,25.603,35.211,24.382,5947746.952,9254781.884
119,Colombia,2010,21.577,27.651,26.565,23.655,25.3,34.788,24.276,5319565.294,8545710.931
120,Colombia,2009,22.458,28.746,26.558,23.739,26.437,35.879,23.315,4902590.595,7798170.516
121,Colombia,2008,23.273,29.822,27.63,23.946,27.554,36.999,23.103,4594987.089,7475497.265
122,Colombia,2007,23.731,29.745,28.87,24.799,27.664,36.945,22.565,4122746.816,6917016.012
123,Colombia,2006,21.512,27.694,24.446,22.579,26.436,32.623,21.085,3706797.966,5801915.727
124,Colombia,2005,21.264,26.889,24.32,23.189,25.881,31.133,20.156,3495120.0,5616844.612
125,Colombia,2004,21.86,27.065,26.158,23.968,25.603,32.946,19.555,3086357.076,4943905.748
126,Colombia,2003,21.857,26.787,26.282,23.377,25.257,32.867,19.218,2952877.918,4592524.553
127,Colombia,2002,22.286,26.94,26.267,25.215,26.347,30.648,18.519,2632717.228,4314105.334
128,Colombia,2001,21.487,25.792,24.857,24.035,25.194,28.791,18.171,2568480.0,4024634.819
129,Cote D Ivoire,2015,25.329,27.277,28.326,29.347,23.815,39.482,19.097,506246.947,906861.651
130,Cote D Ivoire,2008,22.711,24.656,27.389,29.734,23.797,29.027,13.206,453868.237,762236.169
131,Cote D Ivoire,2002,24.413,25.473,26.36,31.254,23.904,35.348,13.608,354057.941,623884.945
132,Czech Rebuplic,2016,5.802,9.295,4.518,14.253,6.384,30.095,11.583,260361.199,290011.514
133,Czech Rebuplic,2013,5.972,10.592,2.984,13.96,7.389,32.176,12.213,228171.9,257817.841
134,Czech Rebuplic,2010,6.33,10.585,3.315,12.175,7.557,33.912,11.281,219942.718,245766.431
135,Czech Rebuplic,2007,5.396,8.73,3.976,11.198,4.921,34.745,12.13,195382.456,218021.011
136,Czech Rebuplic,2004,5.831,10.21,2.173,12.106,6.815,34.256,12.584,151462.03,174320.62
137,Czech Rebuplic,2002,4.229,6.974,1.894,11.391,3.914,23.727,15.358,136222.671,155245.785
138,Czech Rebuplic,1996,5.171,6.903,8.105,11.975,3.266,38.097,9.999,94600.0,107124.153
139,Czech Rebuplic,1992,2.425,2.294,5.656,8.574,1.113,13.231,9.188,51384.174,55468.083
140,Denmark,2016,6.148,4.251,3.944,12.911,2.879,8.365,16.732,246748.96,270063.449
141,Denmark,2013,5.672,3.583,4.0,12.434,2.346,7.938,16.847,236620.308,257583.749
142,Denmark,2010,6.32,4.485,6.594,10.831,3.072,10.778,16.898,230666.481,247974.96
143,Denmark,2007,6.343,4.652,9.757,8.558,3.3,10.682,15.447,212569.026,225049.637
144,Denmark,2004,5.635,3.874,8.465,8.015,2.908,7.897,15.774,192846.838,202850.425
145,Denmark,2000,5.415,2.739,12.034,7.632,1.945,6.103,14.324,169639.773,178266.552
146,Denmark,1995,5.211,2.728,11.372,6.635,2.066,5.526,15.027,143075.916,149665.608
147,Denmark,1992,7.419,5.636,11.327,7.37,3.375,16.133,14.722,126828.8,132447.167
148,Denmark,1987,10.285,5.306,31.652,11.817,4.029,9.517,12.288,111350.303,116403.587
149,Dominican Republic,2007,21.115,24.937,33.394,26.275,22.33,32.052,26.33,71252.07,114846.038
150,Egypt,2012,18.591,21.824,17.901,24.029,20.521,32.384,11.625,7136.046,11197.474
151,Estonia,2016,15.821,9.821,34.659,25.164,8.113,21.281,13.901,10724.936,12035.554
152,Estonia,2013,15.051,13.925,18.443,29.294,11.036,29.09,15.433,8074.768,9748.173
153,Estonia,2010,11.798,12.944,6.135,26.647,9.43,30.15,15.71,6326.306,7363.855
154,Estonia,2007,13.731,10.851,28.903,21.034,5.78,29.944,18.749,6297.329,7194.715
155,Estonia,2004,12.989,15.318,13.529,24.485,9.897,33.21,22.974,3515.78,4258.955
156,Estonia,2000,12.634,13.299,13.842,26.65,10.495,24.889,18.858,2323.771,2925.955
157,Finland,2016,5.81,3.373,4.881,12.598,1.645,13.276,11.292,26209.02,29227.961
158,Finland,2013,6.823,4.415,7.121,13.887,2.243,15.28,11.719,25890.697,28604.135
159,Finland,2010,7.213,3.722,9.695,13.378,2.477,11.747,10.4,24046.221,26529.38
160,Finland,2007,7.816,4.951,14.284,12.296,3.07,17.46,11.322,22296.713,24625.523
161,Finland,2004,6.622,4.008,10.324,12.286,2.495,12.872,12.821,19438.989,21538.198
162,Finland,2000,5.48,3.028,8.82,11.444,2.064,9.0,12.803,16357.967,17993.117
163,Finland,1995,4.128,2.001,5.554,9.529,1.462,4.911,11.047,13637.316,14637.58
164,Finland,1991,5.515,2.767,14.121,8.689,1.671,9.889,10.479,14218.718,14942.482
165,Finland,1987,5.143,3.22,12.061,8.856,1.813,13.327,10.224,10463.946,10881.737
166,France,2018,9.248,12.101,4.504,14.41,7.633,31.874,17.061,23290.0,26881.689
167,France,2017,8.978,11.668,4.068,13.895,7.292,32.032,16.227,22930.0,26340.939
168,France,2016,9.155,11.953,3.621,14.058,7.212,34.455,15.59,22590.0,25895.941
169,France,2015,8.983,11.957,3.411,14.038,7.536,33.488,15.475,22316.184,25813.389
170,France,2014,9.051,12.155,3.905,13.961,7.04,37.512,15.582,22174.882,25575.78
171,France,2013,8.818,12.066,3.941,14.097,7.809,32.636,15.215,22049.536,25518.726
172,France,2012,9.289,11.993,4.133,14.848,7.73,34.737,14.374,21771.879,25524.799
173,France,2011,9.11,11.362,4.755,15.635,7.141,34.243,14.535,21545.544,25371.222
174,France,2010,9.041,11.558,5.727,15.012,7.018,34.567,15.279,21228.343,24764.62
175,France,2009,8.773,10.564,5.119,14.922,6.739,32.371,14.061,20974.318,24234.927
176,France,2008,8.382,9.857,5.447,14.24,6.049,31.068,14.486,20878.108,24231.375
177,France,2007,8.345,9.691,5.398,14.46,6.045,31.189,13.686,19955.419,23092.217
178,France,2006,8.302,10.093,5.183,14.128,6.161,33.817,13.536,19405.212,22418.634
179,France,2005,8.347,9.914,4.931,14.071,6.457,32.244,12.548,18726.474,21618.659
180,France,2004,7.962,9.208,4.936,14.306,6.638,25.669,12.351,18250.0,21027.533
181,France,2003,8.124,9.936,4.445,14.149,6.906,29.207,12.67,17902.559,20598.205
182,France,2002,7.917,9.102,5.272,14.563,6.276,28.555,12.032,17599.888,20329.134
183,France,2001,8.092,9.727,4.52,14.202,7.186,28.453,11.6,16750.0,19374.01
184,France,2000,8.259,9.735,4.964,14.698,7.07,29.727,11.527,16112.545,18651.721
185,France,1999,8.288,9.407,4.825,14.223,6.961,28.36,11.115,15586.621,17944.292
186,France,1998,8.202,9.2,4.987,14.243,7.295,24.391,10.533,15323.444,17447.735
187,France,1997,8.716,9.701,4.731,14.634,7.763,25.247,10.539,14848.848,16912.432
188,France,1996,8.761,9.242,5.189,14.321,7.606,22.752,9.993,14653.663,16633.633
189,France,1994,11.779,13.887,13.533,16.207,10.456,30.9515,30.9515,23234.571,26881.689
190,France,1990,6.999,7.881,5.965,13.936,5.609,28.329,9.308,12295.022,14212.208
191,France,1989,11.779,13.887,13.533,16.207,10.456,30.9515,30.9515,23234.571,26881.689
192,France,1984,7.706,7.433,5.073,16.264,6.664,16.995,6.468,9351.786,10914.608
193,France,1979,8.127,7.314,10.047,14.632,6.409,20.231,6.126,5301.11,6191.827
194,France,1978,11.779,13.887,13.533,16.207,10.456,30.9515,30.9515,23234.571,26881.689
195,France,1975,9.85,7.217,17.567,16.663,6.433,19.803,5.028,3222.209,3860.78
196,France,1970,12.242,8.37,28.89,18.343,7.858,17.817,4.683,1681.171,2058.386
197,Georgia,2019,17.117,22.263,10.92,24.677,20.811,24.864,27.419,5400.0,6682.028
198,Georgia,2018,16.901,21.823,10.148,24.334,20.779,25.896,26.152,4869.044,6006.83
199,Georgia,2017,18.647,22.961,11.648,26.117,22.798,26.644,24.201,4628.443,5970.13
200,Georgia,2016,16.103,19.107,11.302,27.103,18.661,22.642,21.174,4518.192,5876.861
201,Georgia,2015,17.074,20.633,12.427,27.11,20.633,21.628,23.669,4328.899,5544.376
202,Georgia,2014,16.151,20.846,7.71,25.915,20.237,23.323,25.66,4028.808,5241.675
203,Georgia,2013,15.734,18.989,7.935,30.005,17.358,23.044,24.494,3535.73,4726.75
204,Georgia,2012,18.542,21.584,12.844,28.965,20.906,24.685,24.167,3060.811,4083.437
205,Georgia,2011,18.842,23.431,10.59,30.244,21.752,29.542,26.085,2570.0,3731.27
206,Georgia,2010,20.821,24.742,12.652,32.246,25.024,23.937,26.588,2345.639,3324.782
207,Georgia,2009,20.694,25.642,10.775,32.333,25.389,29.355,26.238,2001.347,2959.235
208,Germany,2019,11.077,11.702,11.924,13.67,7.674,34.123,14.403,25966.959,29154.872
209,Germany,2018,10.05,11.244,10.156,13.61,6.928,33.306,15.255,24768.0,28191.062
210,Germany,2017,11.53,11.574,10.814,13.634,7.287,32.842,14.882,23683.924,26454.894
211,Germany,2016,10.038,11.292,9.241,14.795,6.766,34.69,15.013,22943.334,26116.241
212,Germany,2015,9.496,10.467,9.952,14.324,5.9,32.314,15.709,22301.715,25467.583
213,Germany,2014,9.55,10.546,9.814,15.5,5.824,30.965,16.978,21594.981,24504.038
214,Germany,2013,8.961,10.105,8.944,14.888,5.137,32.746,16.679,21111.971,24401.588
215,Germany,2012,9.144,9.705,9.466,14.542,4.782,31.12,16.487,20838.83,23849.79
216,Germany,2011,8.571,8.534,9.417,14.905,4.512,28.583,15.434,20500.128,23492.185
217,Germany,2010,9.391,8.988,11.312,14.792,5.072,29.222,15.611,20351.773,22964.294
218,Germany,2009,9.191,10.14,10.624,14.382,5.525,34.314,15.545,19976.192,22473.369
219,Germany,2008,8.732,9.048,10.64,14.344,4.387,34.769,14.667,19490.941,22367.999
220,Germany,2007,8.393,8.719,9.543,13.287,4.054,32.448,15.47,19182.463,21903.641
221,Germany,2006,8.975,9.076,9.154,14.037,3.923,34.503,15.589,18544.129,21280.366
222,Germany,2005,8.964,10.815,8.985,12.996,5.146,38.466,16.087,18259.26,20739.203
223,Germany,2004,8.118,10.003,8.145,11.831,4.338,38.738,16.227,18295.481,20465.286
224,Germany,2003,8.24,9.308,9.102,10.729,4.868,35.279,14.168,18015.77,19970.524
225,Germany,2002,8.061,9.294,9.49,11.416,4.239,39.271,14.2,17925.864,20056.718
226,Germany,2001,7.613,8.522,9.768,11.31,4.278,34.414,13.442,17268.136,19475.875
227,Germany,2000,7.492,8.216,9.554,11.233,4.523,33.066,12.224,17247.591,19167.547
228,Germany,1999,7.322,8.106,10.471,12.158,4.005,37.602,11.597,16633.98,18630.324
229,Germany,1998,6.57,6.821,9.224,11.387,3.129,32.917,12.083,16186.44,18044.025
230,Germany,1997,6.856,7.818,8.851,11.345,4.611,30.053,11.545,15659.709,17379.311
231,Germany,1996,6.907,7.464,9.69,10.773,3.654,36.492,10.713,15655.223,17300.769
232,Germany,1995,7.495,8.357,10.809,11.205,4.662,40.864,9.704,15236.672,16879.085
233,Germany,1994,7.783,9.236,9.32,11.706,5.669,41.507,9.681,14946.631,16517.021
234,Germany,1993,6.786,6.409,11.649,11.037,3.837,31.738,9.334,14818.554,16484.121
235,Germany,1992,7.434,6.865,12.861,11.437,3.739,35.159,9.621,14281.659,15808.158
236,Germany,1991,7.847,7.335,16.328,11.892,3.994,37.137,9.623,13338.687,14879.422
237,Germany,1990,6.685,6.199,13.849,10.238,3.454,34.074,8.632,13861.899,15429.53
238,Germany,1989,5.713,4.184,10.859,9.792,2.359,21.359,8.632,12922.348,14354.432
239,Germany,1988,6.71,6.615,11.348,10.202,3.174,39.687,9.205,12504.464,13764.094
240,Germany,1987,6.729,6.714,11.152,9.839,3.775,35.259,9.388,11892.799,13036.113
241,Germany,1986,6.664,6.739,12.717,10.358,3.529,37.679,8.967,11608.651,12643.815
242,Germany,1985,7.039,7.354,11.036,9.429,3.995,41.239,9.052,11081.67,12044.912
243,Germany,1984,7.497,7.754,12.891,9.708,4.732,41.624,8.36,10853.027,11815.126
244,Germany,1983,5.837,13.887,13.533,16.207,10.456,30.9515,30.9515,12680.038,14293.475
245,Germany,1981,11.779,13.887,13.533,16.207,10.456,30.9515,30.9515,23234.571,26881.689
246,Germany,1978,6.024,13.887,17.424,16.207,10.456,30.9515,30.9515,9998.312,11278.309
247,Germany,1973,6.831,13.887,19.03,16.207,10.456,30.9515,30.9515,6938.085,7851.925
248,Greece,2016,13.133,16.368,7.713,17.827,15.756,26.136,5.876,9123.766,10548.272
249,Greece,2013,14.195,18.097,8.342,21.483,17.003,37.23,5.517,9000.95,10543.574
250,Greece,2010,14.024,18.135,11.463,17.574,16.938,39.112,3.681,12861.672,14645.568
251,Greece,2007,11.896,15.226,11.521,19.312,14.74,23.888,3.662,12756.779,14692.428
252,Greece,2004,12.054,12.645,18.644,23.255,11.378,32.25,6.084,10889.359,12886.948
253,Greece,2000,14.078,12.437,26.389,24.964,11.474,32.47,4.573,7856.151,9275.338
254,Greece,1995,15.871,14.099,26.925,23.944,13.281,25.444,4.612,5512.293,6516.334
255,Guatemala,2014,14.576,16.755,20.581,19.882,16.354,17.436,15.716,17605.915,23855.559
256,Guatemala,2011,22.953,27.2,25.088,24.491,26.905,30.329,15.978,13805.23,22004.296
257,Guatemala,2006,22.492,26.147,27.898,25.833,23.862,37.126,18.239,14007.165,21407.375
258,Hungary,2015,6.576,9.329,6.597,14.027,6.376,25.397,14.79,1884804.56,2139113.46
259,Hungary,2012,10.315,17.413,5.07,12.258,16.039,27.747,11.678,1489757.523,1671434.445
260,Hungary,2009,6.726,9.935,1.543,12.84,8.292,17.125,14.869,1293004.386,1473861.5
261,Hungary,2007,6.181,6.951,4.492,11.312,6.267,11.887,12.247,1237639.927,1401892.205
262,Hungary,2005,6.721,8.148,4.539,16.366,6.005,18.529,7.864,1086116.016,1270568.668
263,Hungary,1999,6.636,8.263,4.476,16.641,7.445,12.391,7.047,573420.151,662898.897
264,Hungary,1994,10.237,10.973,10.346,21.997,10.481,16.675,9.894,258964.723,311208.843
265,Hungary,1991,9.439,9.016,16.822,17.275,7.027,15.882,11.7,179915.0,201969.239
266,Iceland,2010,6.037,7.174,3.339,9.305,3.394,24.756,15.96,3563819.521,3889334.586
267,Iceland,2007,5.99,6.345,8.673,11.79,3.205,26.81,13.418,3217624.6,3707186.165
268,Iceland,2004,5.271,5.572,3.486,10.353,3.983,15.78,13.569,2324167.23,2591641.012
269,India,2011,19.715,23.507,23.03,25.108,23.432,25.035,11.788,35329.801,56800.005
270,India,2004,19.191,22.454,21.494,26.898,21.669,33.517,7.068,14591.266,23070.248
271,Ireland,2018,7.223,8.155,8.336,14.495,3.457,27.589,18.451,28872.116,33524.23
272,Ireland,2017,9.356,8.942,12.549,12.487,4.499,27.886,18.763,28415.219,32267.76
273,Ireland,2016,8.992,9.404,8.03,15.585,4.539,30.498,18.508,25869.741,30360.799
274,Ireland,2015,10.081,11.588,9.463,13.9,6.461,35.236,16.631,25546.539,28816.514
275,Ireland,2014,9.33,9.195,8.047,16.806,5.275,29.611,15.26,24347.177,27757.374
276,Ireland,2013,9.85,10.549,8.417,17.811,6.729,28.183,15.897,22933.16,26609.997
277,Ireland,2012,9.578,9.871,8.282,17.882,5.699,27.127,17.923,22478.925,26016.037
278,Ireland,2011,9.994,10.63,10.683,16.855,7.137,24.685,18.724,21873.809,25386.085
279,Ireland,2010,9.281,10.369,8.223,15.311,6.641,24.917,19.762,22340.879,25649.555
280,Ireland,2009,8.923,10.512,7.544,14.758,5.588,23.754,22.57,22855.079,26946.359
281,Ireland,2008,9.247,11.78,9.998,15.495,5.949,29.882,21.555,25218.246,28903.81
282,Ireland,2007,9.91,11.214,13.824,13.672,6.12,30.93,19.746,26679.395,30548.253
283,Ireland,2006,11.414,12.795,21.112,16.844,6.754,36.679,19.695,25704.302,29919.226
284,Ireland,2005,11.889,14.307,19.812,14.513,8.381,40.331,17.875,23010.441,27077.99
285,Ireland,2004,13.141,15.596,23.705,14.117,10.037,38.537,19.168,21515.526,25107.316
286,Ireland,2003,13.999,15.42,27.665,13.683,9.193,46.011,15.612,20935.247,24022.353
287,Ireland,2002,15.053,14.873,31.435,15.731,10.187,39.79,15.637,19826.73,22218.924
288,Ireland,2000,16.165,15.751,36.871,15.059,11.011,46.76,13.442,16363.254,18397.185
289,Ireland,1996,12.32,14.385,24.423,19.071,11.067,43.37,10.28,11165.601,13282.554
290,Ireland,1995,12.858,15.456,17.655,17.763,11.573,48.653,10.365,10307.388,12500.974
291,Ireland,1994,11.723,14.059,17.374,19.709,10.204,53.695,8.983,9680.55,11786.023
292,Ireland,1987,11.07,13.743,13.533,16.548,10.456,30.9515,0.0,6009.606,7174.34
293,Israel,2018,17.532,22.617,22.483,17.97,21.201,40.295,7.682,102086.654,117402.256
294,Israel,2017,18.647,24.181,21.459,20.548,23.124,35.971,7.323,98220.0,112900.966
295,Israel,2015,19.794,25.552,22.456,20.344,25.194,32.65,6.139,91328.876,106058.689
296,Israel,2016,18.73,24.461,19.845,19.255,23.417,37.709,7.16,92755.111,107018.606
297,Israel,2014,19.228,24.967,22.642,20.897,24.271,33.913,6.803,87516.048,103272.716
298,Israel,2012,19.758,26.806,21.09,21.389,25.537,38.825,8.008,79203.657,95571.566
299,Israel,2013,18.77,23.584,26.603,21.579,22.706,35.361,7.283,85636.807,101917.975
300,Israel,2011,19.665,26.225,23.214,20.806,25.663,35.328,7.75,73799.692,89311.435
301,Israel,2010,20.109,26.585,23.0,21.481,25.417,38.229,8.278,70828.253,86745.444
302,Israel,2009,19.696,26.522,21.215,21.569,25.716,37.997,6.976,66618.756,82374.692
303,Israel,2008,18.896,24.439,23.388,20.899,23.606,34.582,7.851,65065.25,79771.315
304,Israel,2007,18.862,25.308,22.011,20.684,24.811,32.985,7.627,61201.095,74105.502
305,Israel,2006,19.597,27.163,19.952,20.175,26.424,34.899,8.183,57479.31,70485.191
306,Israel,2005,19.341,25.284,22.183,20.72,24.151,39.839,7.3,54973.062,67735.006
307,Israel,2004,19.679,25.915,22.33,20.724,24.621,39.306,8.638,52840.523,63897.377
308,Israel,2003,17.655,22.089,21.696,21.318,21.521,31.006,7.156,51002.385,61643.946
309,Israel,2002,16.835,20.786,21.687,19.879,19.807,31.354,7.806,49770.539,59778.098
310,Israel,2001,15.589,18.028,21.686,20.028,16.687,32.873,8.415,52116.249,62914.875
311,Israel,1997,13.49,13.316,26.39,19.845,12.234,26.24,7.211,41343.937,49020.668
312,Israel,1992,10.2,11.669,17.193,19.467,10.776,28.93,4.952,24553.763,28804.534
313,Israel,1986,11.732,12.621,23.474,19.02,11.934,27.834,5.055,7990.0,9307.427
314,Israel,1979,11.009,13.887,29.678,16.207,10.456,30.9515,30.9515,10.257,11.888
315,Italy,2016,14.215,21.575,7.283,17.763,19.595,37.104,10.474,14978.351,17170.0
316,Italy,2014,14.177,22.709,7.44,14.694,18.664,54.267,10.529,14540.681,16518.658
317,Italy,2010,12.422,19.018,8.59,15.098,17.463,35.837,8.415,15005.176,17176.068
318,Italy,2008,12.295,18.636,10.615,14.49,17.519,32.93,7.275,15011.282,17329.061
319,Italy,2004,11.963,18.225,10.666,14.829,17.366,30.687,6.657,13151.704,15489.212
320,Italy,2000,12.971,16.801,14.064,15.095,16.291,24.774,5.32,11780.064,13735.939
321,Italy,1998,14.936,19.962,15.53,14.49,19.143,32.256,6.124,11101.007,12985.382
322,Italy,1995,14.294,19.722,14.167,16.728,18.992,33.07,5.152,9745.168,11341.102
323,Italy,1993,14.214,20.167,13.855,17.897,18.527,46.349,6.172,9131.23,10694.973
324,Italy,1991,10.577,14.21,15.722,13.225,13.78,22.596,5.078,9032.912,10140.888
325,Italy,1989,9.66,11.109,15.015,15.874,10.847,12.248,4.334,7707.701,8969.192
326,Italy,1987,11.33,13.797,12.614,18.836,13.348,26.197,4.03,6141.16,7345.148
327,Italy,1986,10.393,11.0,13.298,17.413,10.632,20.474,3.939,5543.197,6427.178
328,Japan,2013,11.779,6.754,21.076,10.16,5.444,17.54,8.884,2742344.685,3158993.159
329,Japan,2010,11.241,8.435,20.4,10.185,5.935,29.471,8.907,2863140.281,3340619.541
330,Japan,2008,15.319,12.066,20.632,14.214,8.057,41.706,10.752,2649905.326,3052504.735
331,Lithuania,2018,15.009,14.54,24.666,23.432,8.378,34.556,20.016,8534.319,10356.049
332,Lithuania,2017,16.873,16.455,28.487,24.832,9.773,39.159,21.989,7707.062,9445.979
333,Lithuania,2016,16.61,16.696,25.852,21.858,9.357,42.392,21.054,6972.729,8514.281
334,Lithuania,2015,16.417,18.331,21.303,25.264,14.576,31.547,20.977,6459.431,7975.527
335,Lithuania,2014,15.617,18.777,19.763,27.273,14.599,34.324,19.299,5935.006,7483.678
336,Lithuania,2013,12.585,14.218,14.262,23.176,9.306,32.159,18.755,5505.068,6817.249
337,Lithuania,2012,13.953,17.728,13.547,21.032,14.519,29.783,22.088,5270.1,6399.833
338,Lithuania,2011,12.286,13.67,11.402,23.395,10.94,26.253,18.812,4981.926,5861.072
339,Lithuania,2010,12.177,14.907,5.08,22.366,11.328,26.759,20.356,4412.98,5179.845
340,Lithuania,2009,14.628,18.299,6.319,24.145,15.379,30.966,19.829,4689.27,5736.502
341,Luxembourg,2019,9.282,14.651,4.714,17.909,8.561,39.7,18.377,43129.914,49716.264
342,Luxembourg,2018,9.786,14.205,7.26,15.46,11.038,38.419,10.894,43308.22,49880.061
343,Luxembourg,2017,9.496,11.025,10.547,13.579,7.489,42.192,10.321,40640.24,46015.853
344,Luxembourg,2016,8.991,9.977,9.992,15.575,7.579,36.143,8.26,42638.633,48381.74
345,Luxembourg,2015,9.727,12.811,10.301,11.723,9.909,39.796,9.671,39872.207,44145.511
346,Luxembourg,2013,8.736,12.746,4.008,12.88,8.334,46.991,11.342,38502.698,43245.848
347,Luxembourg,2010,6.78,10.778,1.569,12.826,7.597,42.289,9.203,36379.603,41082.061
348,Luxembourg,2007,7.169,10.42,3.084,13.455,6.535,48.17,9.104,34635.056,39293.069
349,Luxembourg,2004,8.882,13.494,4.739,14.354,11.888,28.801,7.684,32397.793,36451.045
350,Luxembourg,2000,5.88,8.983,3.668,12.231,7.555,29.08,6.749,25875.627,29431.538
351,Luxembourg,1997,6.234,9.728,5.782,11.427,8.015,29.773,7.618,23044.166,25924.808
352,Luxembourg,1994,3.735,4.105,6.87,9.794,2.456,25.644,7.193,22180.246,24164.902
353,Luxembourg,1991,4.517,4.983,11.807,8.506,1.818,53.771,6.133,18972.96,20692.491
354,Luxembourg,1985,4.824,4.334,12.657,12.335,3.454,15.854,6.594,11779.299,12855.882
355,Mali,2020,14.249,14.665,11.915,23.632,13.894,30.352,4.673,555842.618,697548.159
356,Mali,2019,14.347,15.276,12.593,23.166,14.496,32.476,4.248,590437.136,731737.332
357,Mali,2018,13.459,14.223,14.044,21.483,12.987,35.478,5.601,709533.753,836972.175
358,Mali,2017,14.829,15.5,14.564,23.409,14.321,34.632,5.768,588850.972,691600.011
359,Mali,2016,13.762,14.724,14.747,24.406,13.712,35.215,4.627,524655.387,641124.808
360,Mali,2015,15.656,16.592,14.862,23.384,15.671,32.14,4.984,548597.532,657408.923
361,Mali,2014,14.544,15.482,14.454,21.473,14.33,33.385,5.603,470843.282,564129.948
362,Mali,2013,11.779,13.887,13.533,16.207,10.456,30.9515,30.9515,23234.571,26881.689
363,Mali,2011,11.779,13.887,13.533,16.207,10.456,30.9515,30.9515,23234.571,26881.689
364,Mexico,2018,16.29,20.251,22.589,20.243,19.972,21.994,18.682,69426.779,95336.052
365,Mexico,2016,16.875,20.584,20.853,21.206,20.826,20.36,18.058,60737.685,84645.403
366,Mexico,2014,17.112,20.978,21.661,22.045,20.831,22.218,17.28,48612.447,71708.997
367,Mexico,2012,19.096,23.947,23.472,21.862,24.564,21.614,17.195,47919.511,70446.716
368,Mexico,2010,19.056,23.457,21.571,22.484,24.2,21.309,16.038,43767.562,62840.112
369,Mexico,2008,20.039,24.788,23.977,23.148,25.09,24.038,16.665,44058.351,65416.845
370,Mexico,2006,17.167,21.006,23.275,22.104,21.07,21.335,18.2,40921.348,59677.265
371,Mexico,2005,18.867,23.44,23.554,23.654,23.483,23.879,16.626,35546.506,52652.852
372,Mexico,2004,18.417,22.25,27.444,24.443,21.929,25.237,16.877,31134.888,46368.642
373,Mexico,2002,19.797,24.298,27.162,23.8,24.268,24.926,13.617,26903.875,40406.507
374,Mexico,2000,21.37,26.377,30.163,25.847,26.722,24.443,12.098,23094.011,36479.967
375,Mexico,1998,22.018,27.632,30.816,25.552,27.797,26.936,11.735,15242.047,24103.633
376,Mexico,1996,19.378,23.968,27.189,24.264,24.216,22.508,10.595,10169.035,15802.505
377,Mexico,1994,20.823,25.007,29.482,25.209,24.98,25.669,9.834,7300.0,11793.609
378,Mexico,1992,18.91,22.81,26.083,24.998,22.928,22.26,8.052,6132.785,9828.185
379,Mexico,1989,18.776,22.033,25.687,23.741,22.168,21.822,9.589,3285.144,4862.587
380,Mexico,1984,18.651,21.092,26.204,24.46,20.696,24.438,9.168,180.171,251.884
381,Netherlands,2018,7.364,7.351,5.845,16.062,5.384,23.759,9.971,26996.704,30032.439
382,Netherlands,2017,7.638,7.648,4.954,15.031,5.849,21.709,10.095,26460.558,29507.187
383,Netherlands,2016,7.519,8.169,3.779,15.564,5.361,29.71,10.909,26039.605,28972.706
384,Netherlands,2015,6.914,7.52,3.16,15.398,5.251,24.198,11.62,25134.125,27990.777
385,Netherlands,2013,6.156,4.865,2.249,12.941,2.951,18.726,11.563,22995.283,25675.202
386,Netherlands,2010,5.193,6.301,2.204,12.267,2.925,32.506,11.468,22244.484,24955.603
387,Netherlands,2007,5.183,5.301,3.219,12.715,3.408,20.408,10.61,21471.609,24603.245
388,Netherlands,2004,6.338,9.15,2.453,10.705,7.693,22.833,9.3,18671.843,20908.0
389,Netherlands,1999,5.012,6.324,1.809,6.925,3.137,37.88,9.028,16551.155,17794.21
390,Netherlands,1993,8.354,7.771,6.899,10.006,6.204,26.923,7.543,12488.721,13509.711
391,Netherlands,1990,6.735,8.419,4.058,9.148,5.824,35.082,8.562,12105.659,13428.813
392,Netherlands,1987,4.053,2.139,1.052,10.399,2.099,1.753,7.836,9828.279,10728.338
393,Netherlands,1983,6.64,13.887,5.53,16.207,10.456,30.9515,30.9515,8991.632,9883.833
394,Norway,2020,8.468,7.712,4.363,10.695,4.393,26.188,13.935,432556.734,468085.702
395,Norway,2019,8.41,7.874,4.266,10.533,4.499,26.558,14.133,424218.777,458075.278
396,Norway,2016,8.192,7.539,4.486,10.47,4.707,22.945,14.067,385523.91,417369.13
397,Norway,2013,7.884,6.694,4.465,10.14,4.027,22.18,13.814,359341.301,385971.108
398,Norway,2010,7.63,5.05,5.513,9.948,3.047,16.89,13.082,317779.883,339589.202
399,Norway,2007,7.69,5.136,8.467,9.767,3.077,17.619,13.171,280874.0,300326.142
400,Norway,2004,7.123,5.307,8.468,8.952,3.266,15.09,14.701,233083.692,255918.827
401,Norway,2000,6.534,3.696,12.254,8.872,1.992,12.057,14.636,200661.396,219774.892
402,Norway,1995,6.974,4.097,13.565,7.391,2.194,13.779,15.218,152703.131,162250.997
403,Norway,1991,6.624,5.247,14.019,7.427,2.059,21.71,15.321,141394.739,150782.533
404,Norway,1986,7.333,4.515,21.8,10.283,1.976,23.779,10.669,104589.642,111729.856
405,Norway,1979,5.082,13.887,6.367,16.207,10.456,30.9515,30.9515,43050.0,45479.266
406,Palestine,2017,22.965,25.255,28.153,24.811,24.657,42.783,3.594,18334.512,23764.735
407,Panama,2016,21.947,29.712,25.315,21.204,25.931,38.491,23.637,6030.369,8532.688
408,Panama,2013,22.577,30.42,24.843,20.452,28.11,37.333,22.864,4994.483,7068.401
409,Panama,2010,23.144,31.778,23.137,20.665,29.534,39.134,22.641,3753.879,5413.996
410,Panama,2007,24.001,32.266,24.962,21.69,30.552,38.716,21.652,3000.0,4380.181
411,Paraguay,2020,20.329,24.387,27.167,22.866,22.495,31.985,22.341,21400000.0,29200000.0
412,Paraguay,2019,21.644,26.829,31.196,23.024,23.586,37.464,22.374,24000000.0,33300000.0
413,Paraguay,2018,20.09,24.162,29.338,23.617,22.108,30.456,20.683,22700000.0,32600000.0
414,Paraguay,2017,20.376,24.597,26.476,23.166,22.409,33.062,21.167,20700000.0,30800000.0
415,Paraguay,2016,21.925,26.649,28.752,23.3,24.278,37.151,19.823,19600000.0,29100000.0
416,Paraguay,2015,22.137,27.018,30.354,24.317,25.939,31.312,19.971,19600000.0,29000000.0
417,Paraguay,2014,22.403,28.186,27.555,22.54,26.577,36.18,20.298,19300000.0,29300000.0
418,Paraguay,2013,22.038,26.931,27.359,23.751,24.67,33.691,19.984,18300000.0,26800000.0
419,Paraguay,2012,23.857,28.744,29.496,23.409,28.228,32.065,18.947,16700000.0,23300000.0
420,Paraguay,2011,22.866,27.794,31.032,24.237,26.951,30.39,18.203,14200000.0,22800000.0
421,Paraguay,2010,23.678,28.475,31.511,23.953,27.179,36.008,17.627,13200000.0,19800000.0
422,Paraguay,2009,22.809,27.185,27.516,23.797,25.651,31.913,19.943,11800000.0,17300000.0
423,Paraguay,2008,20.27,24.212,23.609,24.162,23.945,26.996,17.667,11000000.0,16900000.0
424,Paraguay,2007,21.246,25.745,25.586,25.234,25.065,30.782,19.894,9855925.952,15400000.0
425,Paraguay,2006,22.096,26.783,25.363,24.37,26.271,29.21,18.951,8469500.276,13000000.0
426,Paraguay,2005,20.78,24.332,21.634,23.961,23.144,30.938,18.367,8410348.064,13000000.0
427,Paraguay,2004,20.076,23.439,25.783,25.707,21.927,29.183,18.816,6856819.855,11100000.0
428,Paraguay,2003,21.977,26.792,21.92,25.378,26.343,28.981,16.707,6300434.07,10800000.0
429,Paraguay,2002,26.463,31.162,27.468,26.941,30.709,33.808,16.687,5099696.602,8646603.025
430,Paraguay,2000,24.849,29.738,24.396,26.222,31.043,23.553,16.362,5675078.832,9375584.685
431,Paraguay,1999,24.587,28.871,28.248,26.288,28.741,28.69,15.572,4971852.206,7997318.796
432,Paraguay,1997,26.817,32.373,28.422,26.891,32.77,30.72,14.849,4978068.586,8030016.634
433,Peru,2019,23.212,26.233,36.629,21.95,26.732,25.815,18.092,12892.288,16666.81
434,Peru,2018,23.907,27.381,37.182,22.003,27.693,27.666,17.931,12344.599,16062.868
435,Peru,2017,23.694,27.191,37.589,22.828,27.724,26.704,17.014,12096.662,15784.127
436,Peru,2016,24.072,28.081,36.988,21.927,28.545,27.524,16.488,11926.48,15672.011
437,Peru,2015,23.566,27.939,36.625,21.542,28.034,28.985,16.463,11159.878,14649.148
438,Peru,2014,23.68,27.876,36.878,22.365,28.335,27.736,16.839,10866.892,14267.251
439,Peru,2013,24.281,28.727,37.479,22.324,28.989,29.13,15.845,10430.966,13761.401
440,Peru,2012,24.99,29.775,36.999,22.75,29.982,30.442,15.618,10069.589,13321.5
441,Peru,2011,25.061,29.76,37.344,23.693,30.427,28.645,15.936,8887.202,11946.931
442,Peru,2010,25.272,30.293,34.887,23.792,30.438,31.349,16.084,8361.754,11563.726
443,Peru,2009,25.715,31.156,36.509,24.219,31.129,32.82,15.646,7740.956,10906.715
444,Peru,2008,26.566,32.567,34.156,24.664,33.002,31.674,15.387,7135.208,10069.617
445,Peru,2007,26.923,33.505,32.672,24.749,33.689,34.649,15.103,6226.344,9274.375
446,Peru,2006,27.258,32.851,34.579,24.619,33.856,28.474,14.362,5498.252,8138.038
447,Peru,2005,27.052,31.45,34.26,25.715,31.94,29.046,14.456,4431.537,6821.288
448,Peru,2004,29.043,34.418,35.003,26.542,35.642,27.826,14.141,4589.58,7078.536
449,Poland,2020,10.428,9.493,11.463,18.222,8.683,17.418,9.197,37358.204,41591.739
450,Poland,2019,8.986,8.034,10.297,18.299,6.939,17.943,9.844,34876.575,39550.008
451,Poland,2018,8.186,6.827,9.212,17.778,5.994,14.917,9.427,32327.338,36772.31
452,Poland,2017,7.623,5.927,8.688,18.506,4.949,13.401,10.548,30180.797,34600.392
453,Poland,2016,8.544,8.546,7.045,18.294,7.398,17.698,10.529,27730.034,31645.278
454,Poland,2015,10.339,13.08,6.366,17.887,11.232,28.512,10.287,25524.735,29413.204
455,Poland,2014,10.319,13.407,6.305,18.86,11.691,26.629,10.617,24620.98,28611.413
456,Poland,2013,10.576,13.797,6.151,18.45,11.87,29.019,10.488,23574.0,27519.633
457,Poland,2012,10.452,13.586,6.577,18.497,12.028,26.269,10.532,23044.431,26947.786
458,Poland,2011,9.888,12.618,7.07,18.078,11.516,22.819,10.155,22231.437,26078.362
459,Poland,2010,9.449,12.086,6.67,18.094,11.143,18.518,10.538,21450.855,25157.871
460,Poland,2009,9.886,12.744,7.593,17.612,12.098,17.565,10.997,20264.837,23571.754
461,Poland,2008,9.444,11.8,7.734,18.018,10.823,18.804,11.599,18899.982,22188.31
462,Poland,2007,9.077,11.639,5.279,17.315,10.88,16.939,12.076,16473.333,19408.231
463,Poland,2006,9.961,13.573,4.095,16.36,12.474,21.343,12.062,14784.806,17278.375
464,Poland,2005,10.292,14.958,3.351,16.295,14.598,17.708,12.174,13444.144,15750.899
465,Poland,2004,10.806,15.628,3.279,16.164,15.108,19.565,11.268,13060.843,15275.847
466,Poland,1999,8.854,12.208,4.544,14.313,11.532,18.631,9.922,10741.426,12142.87
467,Poland,1995,11.583,15.342,8.391,15.852,15.09,17.998,9.581,5270.656,6068.167
468,Poland,1992,5.708,6.08,10.967,16.011,5.848,7.73,7.245,2923.42,3303.932
469,Poland,1986,9.742,11.72,16.951,13.698,11.417,24.77,12.168,26.737,29.39
470,Romania,1997,8.166,10.126,10.26,14.702,9.011,17.549,10.063,724.787,822.751
471,Romania,1995,8.532,10.787,12.724,14.707,9.551,21.55,9.297,224.657,253.193
472,Russia,2019,10.475,16.337,11.177,16.536,13.963,27.256,17.976,461623.363,554056.106
473,Russia,2018,10.985,16.533,12.311,17.567,14.771,25.7,16.479,440285.832,524177.119
474,Russia,2017,11.498,17.78,12.306,15.597,15.541,28.69,16.528,422519.548,495966.526
475,Russia,2016,12.705,19.44,14.322,17.747,17.757,27.417,17.365,414418.35,493093.992
476,Russia,2015,12.93,20.301,14.597,17.866,18.368,29.534,17.839,401420.18,477458.877
477,Russia,2014,12.957,19.02,15.369,18.449,16.895,28.448,17.926,371231.064,447707.831
478,Russia,2013,13.708,19.858,17.509,19.128,17.336,31.084,17.828,353125.614,429078.257
479,Russia,2011,13.488,19.43,13.556,21.957,17.602,27.358,19.396,262039.268,332609.32
480,Russia,2010,13.036,18.323,8.26,20.282,14.523,28.844,25.366,191637.445,228403.474
481,Russia,2007,16.059,18.365,21.776,25.203,14.327,29.429,27.075,116331.45,137476.395
482,Russia,2004,17.419,21.45,20.129,26.455,16.383,34.05,28.089,59398.158,74956.155
483,Russia,2000,17.075,19.698,15.22,30.436,17.442,34.017,14.541,19775.307,26876.987
484,Serbia,2016,14.882,16.547,13.502,20.521,14.947,22.944,12.584,403050.865,454685.126
485,Serbia,2013,15.554,18.978,11.838,19.28,18.941,18.544,11.04,335987.122,388180.207
486,Serbia,2010,15.387,19.815,11.359,19.954,20.036,19.361,12.193,283290.878,323303.569
487,Serbia,2006,17.343,20.993,18.397,20.339,20.454,27.477,11.52,185074.706,213108.917
488,Slovakia,2018,7.684,12.475,5.058,7.36,10.883,27.803,10.238,9442.024,9959.765
489,Slovakia,2017,7.113,11.617,4.77,5.836,9.82,23.441,11.353,9181.013,9519.169
490,Slovakia,2016,7.788,13.032,4.54,7.972,10.709,30.909,10.803,8640.957,9091.064
491,Slovakia,2015,8.441,14.965,3.354,8.402,13.44,27.326,9.304,8279.7,8884.836
492,Slovakia,2014,8.485,14.507,3.755,7.792,13.783,22.313,7.457,8183.152,8771.672
493,Slovakia,2013,8.754,14.441,4.105,9.046,14.08,19.527,7.98,8101.924,8976.759
494,Slovakia,2010,8.018,12.354,4.308,11.651,11.484,15.471,9.364,7589.26,8378.037
495,Slovakia,2007,6.626,9.092,8.518,9.596,8.605,13.0,8.722,6549.743,7106.38
496,Slovakia,2004,8.062,10.705,6.047,12.082,9.539,21.851,8.642,4534.17,5047.656
497,Slovakia,1996,7.666,10.322,13.533,9.517,9.144,20.051,9.16,2351.073,2541.759
498,Slovakia,1992,2.05,1.996,2.159,7.527,1.372,9.457,7.534,1465.512,1556.516
499,Slovenia,2015,10.088,13.887,11.989,16.207,10.456,30.9515,30.9515,13871.266,15047.818
500,Slovenia,2012,9.989,10.663,11.458,15.96,9.843,21.838,8.033,13336.534,14572.054
501,Slovenia,2010,9.843,7.11,17.713,12.017,5.676,20.001,7.806,12897.654,13641.321
502,Slovenia,2007,7.746,6.624,16.448,9.534,5.429,20.491,7.747,11223.105,11880.932
503,Slovenia,2004,7.144,5.509,16.454,10.808,3.69,22.339,9.384,9470.777,10123.674
504,Slovenia,1999,7.496,6.056,17.155,8.339,4.669,22.847,6.614,6163.699,6514.939
505,Slovenia,1997,7.323,7.075,12.73,8.206,5.583,24.705,7.239,5342.726,5642.643
506,South Africa,2017,27.425,34.377,23.2,28.39,22.394,43.105,54.46,36600.0,80161.128
507,South Africa,2015,26.931,33.88,22.117,28.587,18.166,45.181,54.729,29825.547,67319.135
508,South Africa,2012,27.25,34.142,20.316,29.881,20.153,45.821,52.292,22735.929,52596.369
509,South Africa,2010,28.358,34.312,20.228,29.947,20.866,46.452,48.926,17808.35,45487.943
510,South Africa,2008,26.526,33.812,15.144,28.29,19.288,47.528,48.565,13393.872,36091.715
511,South Korea,2016,14.813,7.018,46.945,16.681,4.972,20.705,11.273,23500000.0,25500000.0
512,South Korea,2014,14.453,7.143,47.512,17.765,5.674,18.869,9.161,22500000.0,24600000.0
513,South Korea,2012,14.64,9.096,47.241,17.583,7.191,23.878,9.54,21300000.0,23200000.0
514,South Korea,2010,14.87,9.422,46.319,18.115,7.202,25.326,10.367,18800000.0,20700000.0
515,South Korea,2008,15.162,10.397,44.067,19.922,8.174,24.325,9.572,17400000.0,19400000.0
516,South Korea,2006,14.325,10.616,42.76,18.501,8.201,27.425,10.682,16000000.0,17600000.0
517,Spain,2016,15.725,22.224,9.965,21.268,19.895,39.129,11.009,16062.403,18403.074
518,Spain,2013,15.742,23.676,5.719,19.381,21.258,42.106,10.801,14972.491,17407.098
519,Spain,2010,15.607,20.87,13.208,19.994,19.6,34.058,7.745,14194.16,16163.819
520,Spain,2007,13.785,17.283,20.721,17.165,15.715,39.521,5.9,15005.509,16756.997
521,Spain,2004,14.582,17.775,23.255,17.379,16.921,30.039,7.198,12277.556,13950.92
522,Spain,2000,14.188,16.149,23.391,19.457,14.546,32.758,6.853,11075.709,13075.311
523,Spain,1995,14.047,18.268,12.793,25.288,17.06,35.231,5.759,7675.487,9494.534
524,Spain,1990,10.012,10.932,12.21,17.092,10.274,25.069,4.433,5397.864,6247.628
525,Spain,1985,10.223,13.035,8.732,16.717,12.725,19.689,5.305,3056.25,3601.777
526,Spain,1980,12.167,13.887,13.533,16.207,10.456,30.9515,30.9515,1803.036,2091.758
527,Sweden,2005,5.596,4.72,6.61,8.933,3.333,10.404,18.029,189485.049,203600.538
528,Sweden,2000,6.611,4.252,8.008,10.614,2.301,12.901,17.838,153216.234,167660.862
529,Sweden,1995,6.594,2.621,2.744,7.276,1.512,6.612,19.17,128523.122,135568.689
530,Sweden,1992,6.673,2.996,6.439,9.309,2.556,5.558,14.531,125200.818,132334.969
531,Sweden,1987,6.706,3.071,8.438,7.499,2.792,4.661,12.836,77498.903,79751.517
532,Sweden,1981,5.411,4.536,2.889,7.912,4.007,8.123,13.466,48300.0,50053.994
533,Sweden,1975,6.657,2.287,13.91,9.413,2.143,3.634,11.331,25894.18,26660.387
534,Sweden,1967,11.779,13.887,13.533,16.207,10.456,30.9515,30.9515,23234.571,26881.689
535,Switzerland,2018,10.394,10.815,20.314,12.424,9.177,21.928,11.142,52865.644,60508.86
536,Switzerland,2017,9.475,12.474,16.121,12.146,9.184,38.015,10.793,52940.438,61450.128
537,Switzerland,2016,10.356,11.594,18.774,12.462,9.891,26.341,10.637,52799.304,60742.41
538,Switzerland,2015,8.953,9.593,18.551,12.771,8.084,23.977,9.475,52342.421,60361.626
539,Switzerland,2014,9.657,9.476,19.181,13.139,7.921,24.866,9.624,53447.848,61452.395
540,Switzerland,2013,8.745,7.939,19.049,12.235,6.427,21.864,9.879,52583.83,60907.274
541,Switzerland,2012,9.137,8.313,22.229,11.628,6.771,24.897,8.868,55201.293,62555.286
542,Switzerland,2011,10.259,10.596,22.971,12.407,9.178,26.059,8.898,54322.089,61254.397
543,Switzerland,2010,9.151,9.396,20.593,11.822,7.79,24.725,9.326,52394.548,60021.709
544,Switzerland,2009,9.425,10.006,20.303,11.042,7.834,31.723,8.453,51583.36,59278.872
545,Switzerland,2008,9.521,9.729,24.079,13.233,7.763,29.107,8.218,51085.109,59671.777
546,Switzerland,2007,9.175,10.026,19.504,11.641,8.301,27.282,8.606,49922.108,57925.42
547,Switzerland,2006,9.534,11.131,17.159,10.275,9.038,32.854,8.38,48411.109,55886.073
548,Switzerland,2004,8.001,9.308,15.096,8.587,8.546,18.232,8.764,45253.43,50042.617
549,Switzerland,2002,7.401,6.477,18.363,9.046,6.137,8.993,6.63,46336.765,51965.709
550,Switzerland,2000,7.477,8.561,13.533,9.15,7.696,21.588,6.353,42882.759,48990.809
551,Switzerland,1992,9.649,10.177,8.512,10.689,9.494,16.009,8.996,38950.894,44406.848
552,Switzerland,1982,8.028,4.301,19.226,15.567,2.275,24.426,6.906,28001.429,33216.221
553,Taiwan,2016,9.958,7.083,22.6,20.049,5.402,18.436,9.374,433625.01,506345.033
554,Taiwan,2013,10.723,8.678,26.246,18.192,6.068,25.21,9.549,404572.397,471428.115
555,Taiwan,2010,11.792,10.371,29.231,19.575,7.648,25.442,9.061,384234.323,448307.14
556,Taiwan,2007,10.177,8.628,28.566,18.494,6.109,26.347,8.219,405392.97,474603.679
557,Taiwan,2005,9.555,7.747,28.735,18.487,6.245,24.673,6.88,416740.272,490924.966
558,Taiwan,2000,8.43,7.105,25.428,17.169,5.973,22.048,5.208,423036.605,488238.39
559,Taiwan,1997,8.208,7.877,23.829,17.192,6.533,33.182,4.415,397225.83,458838.183
560,Taiwan,1995,8.607,7.217,29.346,17.084,5.719,35.304,4.269,369338.541,423753.7
561,Taiwan,1991,6.457,13.887,13.533,16.207,10.456,30.9515,30.9515,276083.563,316664.504
562,Taiwan,1986,5.195,13.887,13.533,16.207,10.456,30.9515,30.9515,150317.387,172556.669
563,Taiwan,1981,5.452,13.887,13.533,16.207,10.456,30.9515,30.9515,109851.923,126348.219
564,United Kingdom,2020,8.851,8.722,10.956,15.131,6.424,16.53,19.343,22510.724,26245.645
565,United Kingdom,2019,10.556,13.111,12.437,15.525,9.525,26.128,20.112,22576.762,26298.054
566,United Kingdom,2018,9.434,10.89,10.801,15.789,7.937,21.742,19.997,21371.022,25480.096
567,United Kingdom,2017,9.746,11.79,11.26,16.096,7.969,25.533,20.012,20869.357,24419.508
568,United Kingdom,2016,9.265,10.878,9.939,15.027,8.01,20.979,20.393,20142.594,23731.859
569,United Kingdom,2015,9.086,10.043,10.332,15.936,7.186,19.458,21.506,19644.259,23370.337
570,United Kingdom,2014,8.714,9.695,9.608,16.169,7.116,18.721,20.905,19326.551,23004.183
571,United Kingdom,2013,8.251,8.474,9.223,15.543,6.671,14.592,21.069,18587.014,21889.364
572,United Kingdom,2012,8.407,8.964,9.139,15.325,6.761,15.823,21.234,18036.35,21464.2
573,United Kingdom,2011,8.062,8.706,8.772,16.843,6.464,15.479,21.093,17516.33,20968.984
574,United Kingdom,2010,8.826,9.446,9.788,16.603,7.132,16.604,21.467,17241.187,20620.378
575,United Kingdom,2009,9.391,11.484,9.686,16.677,8.593,19.921,21.233,16879.057,20585.417
576,United Kingdom,2008,10.063,12.523,11.916,16.927,8.053,27.378,21.381,16766.915,20261.934
577,United Kingdom,2007,10.875,13.769,13.576,16.689,8.922,28.78,21.348,16241.394,19431.134
578,United Kingdom,2006,10.649,13.626,14.134,15.801,8.439,30.38,21.759,15532.083,19000.009
579,United Kingdom,2005,10.014,13.086,12.059,16.207,7.905,29.374,21.871,14935.234,18202.202
580,United Kingdom,2004,9.596,12.269,12.574,15.413,7.097,29.345,21.294,14441.483,17492.694
581,United Kingdom,2003,10.651,13.833,13.824,15.942,8.234,32.772,20.663,13892.351,16698.102
582,United Kingdom,2002,11.267,14.548,15.145,15.719,8.465,34.489,21.533,13475.229,16220.147
583,United Kingdom,2001,11.453,15.263,16.539,15.725,8.227,41.768,19.538,13088.326,16235.312
584,United Kingdom,2000,12.046,15.758,18.096,17.428,8.643,44.895,18.684,12353.125,15551.845
585,United Kingdom,1999,12.503,18.007,17.929,16.557,10.025,49.943,18.734,11642.623,14202.653
586,United Kingdom,1998,12.443,17.995,18.378,16.802,10.748,49.297,17.956,11181.126,13635.317
587,United Kingdom,1997,12.031,16.91,17.794,16.471,10.158,48.072,16.894,10588.567,12788.425
588,United Kingdom,1996,11.754,17.138,16.216,16.622,10.526,47.972,16.837,10040.871,12089.157
589,United Kingdom,1995,11.008,15.221,15.507,17.488,10.471,37.626,16.384,9331.47,11347.549
590,United Kingdom,1994,11.093,15.26,15.131,17.423,10.97,32.547,18.958,9075.34,11112.294
591,United Kingdom,1991,14.599,18.476,24.092,16.147,12.973,45.047,15.987,7675.483,9095.882
592,United Kingdom,1986,9.138,11.666,6.978,15.408,10.298,19.755,13.213,5011.85,5722.593
593,United Kingdom,1979,8.955,7.741,23.141,12.648,5.932,22.912,9.877,2890.256,3182.296
594,United Kingdom,1974,9.081,8.048,29.74,10.36,5.345,39.4,7.997,1335.095,1482.954
595,United Kingdom,1969,5.498,13.887,13.533,16.207,10.456,30.9515,30.9515,648.502,741.191
596,United States,2020,16.023,17.799,21.141,20.005,11.156,42.047,20.088,45174.117,55548.972
597,United States,2019,17.481,20.013,22.399,20.925,12.873,46.715,19.364,42672.528,53580.094
598,United States,2018,17.553,19.791,22.45,20.084,12.936,45.202,19.549,39675.19,49359.857
599,United States,2017,17.145,20.429,20.823,19.467,13.835,43.869,20.227,36829.95,45677.425
600,United States,2016,17.007,20.126,20.788,17.778,12.813,45.338,20.957,35785.032,44151.689
601,United States,2015,15.735,18.689,18.379,16.5,11.914,40.471,21.353,33199.06,41615.262
602,United States,2014,16.181,18.614,18.442,16.558,11.729,41.495,21.086,32122.535,40218.707
603,United States,2013,16.652,18.784,18.943,20.127,11.712,43.028,21.119,31903.623,39439.757
604,United States,2012,16.781,19.783,18.783,20.401,12.604,43.466,21.653,31512.893,39074.555
605,United States,2011,16.342,19.268,18.428,20.505,11.994,42.776,22.24,30662.978,38128.28
606,United States,2010,16.586,19.689,19.568,19.724,12.756,42.594,21.502,30149.396,36596.955
607,United States,2009,15.866,18.634,18.744,19.587,12.071,40.686,21.078,30032.593,37019.123
608,United States,2008,17.313,21.431,21.994,19.248,14.048,47.068,21.243,29905.667,36685.917
609,United States,2007,17.734,21.598,24.422,18.901,13.77,48.353,21.191,29575.257,36069.002
610,United States,2006,17.057,20.414,23.6,19.862,12.565,48.156,20.985,28500.395,35525.985
611,United States,2005,17.237,20.672,24.003,19.363,13.087,47.109,20.947,27561.076,33967.501
612,United States,2004,17.16,20.397,24.658,18.76,12.961,46.374,21.256,26592.153,32168.268
613,United States,2003,17.519,21.829,24.661,18.535,14.292,48.214,20.993,25697.589,31394.452
614,United States,2002,17.354,22.177,23.772,17.765,14.869,47.89,20.651,24950.724,30188.064
615,United States,2001,16.852,21.22,23.149,16.828,14.037,46.576,20.744,24455.0,29635.557
616,United States,2000,16.609,20.829,23.774,16.2,13.694,47.476,20.081,23972.161,28937.047
617,United States,1999,16.889,21.786,21.792,16.399,14.245,49.998,20.323,23069.266,27702.007
618,United States,1998,16.952,22.408,21.53,16.293,14.015,50.969,21.765,22042.336,26392.365
619,United States,1997,16.59,22.064,20.476,15.977,13.558,51.031,21.599,20838.323,25333.082
620,United States,1996,16.519,21.946,20.568,15.67,13.515,50.822,21.65,19953.217,24094.004
621,United States,1995,16.26,21.524,19.855,16.278,13.018,50.181,21.937,19182.23,23127.429
622,United States,1994,16.841,22.992,20.028,17.014,13.878,53.495,21.726,18293.507,22186.308
623,United States,1993,17.562,24.594,20.25,16.906,14.451,54.915,23.548,17595.768,21324.024
624,United States,1992,17.655,24.606,21.347,15.516,14.629,55.378,22.832,17330.0,20183.536
625,United States,1991,17.393,24.549,20.846,14.741,14.51,55.975,22.827,16888.97,19545.813
626,United States,1990,17.034,24.063,20.945,14.414,14.269,56.667,21.694,16353.259,18995.44
627,United States,1989,17.571,24.477,22.932,14.158,15.273,56.199,21.204,16019.515,18532.813
628,United States,1988,17.553,24.474,22.748,13.988,14.616,58.446,21.199,15106.67,17373.062
629,United States,1987,18.026,25.151,22.763,14.021,15.228,59.714,21.217,14577.001,16553.692
630,United States,1986,18.12,25.563,21.792,14.462,15.777,61.241,20.688,13518.02,15544.346
631,United States,1985,17.947,24.974,21.191,14.535,16.043,58.44,20.227,12814.802,14771.684
632,United States,1984,18.179,25.667,20.801,14.159,16.644,59.196,20.154,12264.292,14046.614
633,United States,1983,17.939,25.255,20.422,14.444,16.705,58.672,19.707,11365.0,12974.023
634,United States,1982,17.39,24.19,20.841,13.363,15.553,58.238,19.468,10787.476,12219.127
635,United States,1981,16.23,21.744,22.428,12.367,13.788,52.645,19.817,10173.893,11347.129
636,United States,1980,15.695,20.622,24.401,12.039,12.981,52.228,18.75,9504.51,10516.171
637,United States,1979,15.453,19.682,26.953,12.815,11.92,52.222,18.713,8820.492,9823.237
638,United States,1974,15.677,13.887,13.533,16.207,10.456,30.9515,30.9515,5789.215,6398.766
639,Uruguay,2019,13.044,19.465,8.231,18.234,15.199,33.868,21.933,332726.915,424423.91
640,Uruguay,2018,12.796,19.719,7.931,17.652,15.801,32.942,22.106,311769.145,398661.851
641,Uruguay,2017,13.326,20.268,9.258,17.238,15.779,35.397,22.611,299054.826,378474.491
642,Uruguay,2016,13.329,20.253,8.926,17.53,16.271,33.687,21.797,270000.0,341516.181
643,Uruguay,2015,14.197,22.104,9.532,17.189,17.312,38.537,22.147,247901.051,313600.021
644,Uruguay,2014,13.632,21.217,9.769,16.866,16.479,38.038,22.049,224400.0,285042.834
645,Uruguay,2013,13.975,22.14,8.868,16.888,17.074,39.617,21.766,196679.508,252245.454
646,Uruguay,2012,13.634,21.227,9.357,16.717,17.022,35.88,22.275,179229.477,224159.217
647,Uruguay,2011,13.276,20.314,9.977,17.32,16.303,34.493,21.647,158004.026,208047.383
648,Uruguay,2010,14.185,21.839,8.138,18.827,18.189,34.782,21.382,129932.252,179328.664
649,Uruguay,2009,15.189,23.48,9.934,19.518,19.784,36.929,21.068,119303.135,166981.428
650,Uruguay,2008,15.481,24.099,9.259,19.857,19.765,39.128,21.999,102748.708,146045.901
651,Uruguay,2007,14.626,21.932,8.774,19.499,18.588,33.958,21.074,85611.571,123658.728
652,Uruguay,2006,15.202,22.039,9.773,19.985,19.313,32.657,19.829,76210.236,109192.076
653,Uruguay,2005,16.278,26.299,6.775,20.01,23.809,34.751,21.997,67871.188,94236.676
654,Uruguay,2004,16.59,25.897,7.461,19.896,24.245,33.348,18.815,61509.157,87961.905
655,Vietnam,2013,14.481,16.988,23.747,20.269,16.48,20.07,12.817,54700000.0,66300000.0
656,Vietnam,2011,13.087,15.657,23.018,21.416,14.862,22.17,11.822,44300000.0,55700000.0
657,Vietnam,2009,12.28,14.844,20.57,21.962,13.908,22.24,10.518,29100000.0,39300000.0
658,Vietnam,2007,11.405,13.244,20.922,21.527,12.312,20.059,12.247,20500000.0,28200000.0
659,Vietnam,2005,10.157,12.119,18.254,20.563,11.535,16.765,11.938,14500000.0,19100000.0
